{"max": 16.953198432922363, "max_step": 19, "min": 0.8881070733070373, "min_step": 975, "num": 1000}