{"max": 17.487520853678387, "max_step": 19, "min": 0.598000297943751, "min_step": 2839, "num": 3000}