{"max": 209.7430674235026, "max_step": 42, "min": 3.2575990358988443, "min_step": 672, "num": 679}