{"max": 369.53587799072267, "max_step": 0, "min": 1.2462933301925658, "min_step": 7772, "num": 8000}