{"max": 16.896093940734865, "max_step": 25, "min": 1.057961767911911, "min_step": 2992, "num": 3000}