{"max": 397.9206085205078, "max_step": 89, "min": 1.2305288076400758, "min_step": 4950, "num": 4999}