{"max": 25.557290458679198, "max_step": 0, "min": 0.5511361241340638, "min_step": 3481, "num": 3810}