{"max": 133.20243072509766, "max_step": 70, "min": 6.497375011444092, "min_step": 928, "num": 1729}