{"max": 14.111546516418457, "max_step": 0, "min": 0.570836087067922, "min_step": 2775, "num": 3000}