{"max": 404.25567626953125, "max_step": 90, "min": 1.168027142683665, "min_step": 4198, "num": 4999}