{"max": 16.846873092651368, "max_step": 36, "min": 1.09170503616333, "min_step": 2997, "num": 3000}