{"max": 16.953198432922363, "max_step": 19, "min": 0.45301631689071653, "min_step": 5285, "num": 5500}