{"max": 409.3802998860677, "max_step": 1, "min": 1.1635755101839702, "min_step": 4845, "num": 5000}