{"max": 16.813655652497943, "max_step": 3, "min": 0.47711299438225596, "min_step": 4942, "num": 5500}