{"max": 16.813655652497943, "max_step": 3, "min": 0.941215223387668, "min_step": 967, "num": 1000}