{"max": 16.813655652497943, "max_step": 3, "min": 0.4423328591020484, "min_step": 9307, "num": 10000}