{"max": 14.111546516418457, "max_step": 0, "min": 0.5187893907229105, "min_step": 3657, "num": 3810}