{"max": 17.473045984903973, "max_step": 19, "min": 1.0716906984647114, "min_step": 2998, "num": 3000}