{"max": 17.487520853678387, "max_step": 19, "min": 0.4805885851383209, "min_step": 4518, "num": 5319}