{"max": 18.13248348236084, "max_step": 19, "min": 1.0255053043365479, "min_step": 2998, "num": 3000}