{"max": 16.813655652497943, "max_step": 3, "min": 0.4264116961705057, "min_step": 13179, "num": 13333}