{"max": 13.586058516251413, "max_step": 0, "min": 0.46628764271736145, "min_step": 4482, "num": 5000}