{"max": 398.85618591308594, "max_step": 0, "min": 1.24526686668396, "min_step": 4992, "num": 5000}