{"max": 14.111546516418457, "max_step": 0, "min": 0.4823589324951172, "min_step": 4701, "num": 5000}