{"max": 16.91970272064209, "max_step": 25, "min": 0.5230838030576705, "min_step": 4783, "num": 5319}