{"max": 267.9934196472168, "max_step": 0, "min": 3.3357426643371584, "min_step": 664, "num": 679}