{"max": 105.88600667317708, "max_step": 0, "min": 1.1489301323890686, "min_step": 7745, "num": 8000}