{"max": 220.8111775716146, "max_step": 25, "min": 2.6574615637461343, "min_step": 3059, "num": 4060}