{"max": 364.15923461914065, "max_step": 0, "min": 21.19962215423584, "min_step": 1629, "num": 1729}