{"max": 16.91970272064209, "max_step": 25, "min": 0.6985359847545624, "min_step": 2928, "num": 3000}