{"max": 397.9206085205078, "max_step": 89, "min": 6.085156726837158, "min_step": 317, "num": 320}