{"max": 9.716753578186035, "max_step": 0, "min": 1.485196018218994, "min_step": 2908, "num": 3709}