{"max": 16.953198432922363, "max_step": 19, "min": 0.40668201446533203, "min_step": 12880, "num": 13333}