{"max": 16.813655652497943, "max_step": 3, "min": 1.533592142556843, "min_step": 592, "num": 600}