{"max": 13.586058516251413, "max_step": 0, "min": 1.4654175858748586, "min_step": 3669, "num": 3709}