{"max": 16.953198432922363, "max_step": 19, "min": 0.42084068059921265, "min_step": 9735, "num": 10000}