{"max": 13.586058516251413, "max_step": 0, "min": 1.465047560240093, "min_step": 3826, "num": 3909}