{"max": 316.5057998657227, "max_step": 0, "min": 9.747302865982055, "min_step": 3880, "num": 4060}