{"max": 404.25567626953125, "max_step": 90, "min": 5.8969489733378095, "min_step": 318, "num": 320}