{"max": 16.896009540557863, "max_step": 25, "min": 0.7765066802501679, "min_step": 2992, "num": 3000}