{"max": 25.557290458679198, "max_step": 0, "min": 0.5892005145549775, "min_step": 2891, "num": 3000}