{"max": 16.813655652497943, "max_step": 3, "min": 0.4703773542454368, "min_step": 5908, "num": 6600}