{"max": 105.90292104085286, "max_step": 0, "min": 1.1483113567034404, "min_step": 7745, "num": 8000}