{"max": 9.716753578186035, "max_step": 0, "min": 0.4566802442073822, "min_step": 4777, "num": 5000}