{"max": 25.557290458679198, "max_step": 0, "min": 0.5037926703691482, "min_step": 4958, "num": 5000}