{"max": 16.953198432922363, "max_step": 19, "min": 0.4332731783390045, "min_step": 7803, "num": 8000}