{"max": 16.953198432922363, "max_step": 19, "min": 1.5389195680618286, "min_step": 591, "num": 600}