{"max": 16.91970272064209, "max_step": 25, "min": 0.7100265145301818, "min_step": 2703, "num": 3000}