{"max": 16.953198432922363, "max_step": 19, "min": 0.4450504720211029, "min_step": 6580, "num": 6600}