{"max": 16.813655652497943, "max_step": 3, "min": 0.4540592886899647, "min_step": 7697, "num": 8000}