{"max": 17.47301737467448, "max_step": 19, "min": 0.7686352133750916, "min_step": 2998, "num": 3000}