{"max": 373.66066513061526, "max_step": 0, "min": 1.2475302398204804, "min_step": 7772, "num": 8000}