{"max": 17.487520853678387, "max_step": 19, "min": 0.5974241296450297, "min_step": 2969, "num": 3000}